patients_ahead,queue_length,active_doctors,avg_consultation_time,emergency_load,is_walk_in,hour,waiting_time
20,4,1,20.61,3,0,10,417.49
17,3,5,15.17,0,0,11,231.76
19,1,5,11.38,10,1,11,214.22
8,26,1,20.9,2,1,13,179.98
6,25,3,9.74,6,0,13,71.4
19,9,1,20.41,8,0,14,398.99
9,27,5,23.05,5,0,9,201.43
7,25,3,24.75,3,0,14,174.52
20,27,3,10.77,5,0,18,221.47
20,3,5,18.79,8,0,10,368.02
8,30,5,11.73,5,0,11,97.09
10,13,3,9.13,9,1,11,105.31
12,29,4,10.43,2,0,16,124.04
18,14,5,14.79,3,0,16,254.15
1,28,1,10.6,2,1,17,22.23
12,20,4,16.99,8,0,18,212.15
17,25,3,21.07,5,0,12,364.97
14,1,3,24.52,2,0,18,330.79
20,17,5,11.38,5,0,16,225.66
16,30,1,18.18,7,0,9,319.2
9,8,1,12.09,9,0,9,128.17
2,25,5,21.02,2,1,16,33.19
16,28,5,15.19,3,0,12,237.08
20,12,4,23.29,7,0,11,463.12
10,1,5,17.42,9,0,8,163.38
20,2,2,9.15,0,1,9,177.06
8,22,4,11.64,2,1,11,93.98
13,7,1,9.65,6,1,14,138.03
1,22,1,9.03,5,0,11,21.95
17,15,2,15.17,4,1,11,270.17
2,15,5,9.66,10,0,9,26.09
7,6,4,16.26,3,1,8,102.44
0,13,3,23.75,7,1,14,10.47
17,22,4,10.63,4,0,8,180.53
17,2,3,8.97,9,1,16,163.71
16,6,1,24.33,1,0,9,390.28
7,13,1,24.01,9,0,17,188.5
19,3,4,19.18,9,1,12,363.87
10,8,3,14.73,10,1,15,157.45
2,1,4,18.56,9,0,9,36.0
16,9,2,23.87,1,0,13,376.2
14,27,5,19.96,9,0,18,289.11
9,30,1,23.96,2,1,9,236.55
17,5,3,12.79,3,1,11,215.8
8,17,4,12.27,0,0,18,85.89
8,2,1,13.67,2,1,10,114.78
17,23,4,17.54,1,0,10,292.06
11,19,5,10.52,2,0,12,102.84
1,29,3,11.57,3,0,13,19.87
13,20,2,23.74,3,0,10,318.41
0,6,3,21.3,6,0,12,0.0
3,13,1,22.6,3,0,15,73.78
7,8,1,19.22,6,1,12,152.19
8,12,5,14.79,8,1,8,114.51
8,6,5,24.36,4,0,9,181.87
11,24,3,15.42,8,0,14,186.6
6,9,1,20.05,0,0,13,119.11
10,20,3,19.28,1,1,16,190.87
13,11,4,19.85,8,0,11,258.79
12,22,2,18.46,4,1,16,236.9
9,10,2,15.31,9,1,15,153.19
6,17,4,21.49,2,0,12,121.62
20,20,3,9.59,3,1,11,198.82
4,1,1,12.16,7,0,15,57.29
20,19,2,20.21,6,1,14,416.18
20,23,1,23.18,1,1,11,471.76
16,15,1,17.48,1,1,10,290.13
16,18,5,13.39,7,1,16,214.76
5,24,4,15.65,3,1,16,79.1
7,9,4,9.32,4,0,12,56.08
17,3,2,10.56,6,0,11,178.73
13,11,5,15.92,0,0,14,186.36
18,23,1,22.56,9,1,15,428.72
11,10,4,22.51,6,0,15,241.79
13,16,1,14.61,10,1,10,219.34
4,20,5,8.46,6,0,9,32.26
4,28,4,11.09,4,1,13,46.47
10,11,4,12.73,6,1,9,127.51
17,2,3,11.81,1,0,8,193.3
6,27,1,18.56,3,0,15,127.57
18,7,4,19.89,5,0,17,352.61
3,25,2,24.4,1,0,12,78.46
12,13,2,9.29,10,0,9,129.98
9,28,5,21.69,9,0,13,202.57
11,3,5,19.01,0,1,15,184.65
11,21,4,20.02,6,0,16,227.42
8,20,5,21.17,7,1,17,169.04
7,27,1,12.74,7,0,15,112.39
12,11,1,16.4,5,0,15,204.46
8,11,3,22.97,4,0,16,186.7
2,8,4,16.31,3,1,18,27.73
14,26,1,9.58,3,1,11,149.21
18,12,4,17.41,5,1,16,310.67
14,9,3,12.27,1,0,13,159.53
17,25,2,11.26,7,1,17,215.62
16,20,3,24.67,3,1,11,397.31
9,1,5,10.15,0,0,16,64.79
4,21,4,9.74,0,1,15,32.26
10,6,1,12.29,7,0,9,133.93
2,19,1,10.58,9,1,9,51.6
3,18,4,18.31,9,0,16,60.73
14,10,5,24.83,4,0,17,340.23
3,25,2,18.63,4,0,10,63.8
17,3,2,8.05,7,1,12,140.6
9,23,3,19.95,7,0,18,187.39
8,26,5,19.24,3,1,9,151.37
20,5,3,22.05,1,0,10,433.48
19,24,5,23.66,7,0,15,452.43
12,9,5,17.18,7,0,17,195.05
13,24,3,18.26,0,0,11,239.04
18,19,1,24.99,10,1,17,472.77
5,16,5,19.08,4,0,17,85.74
15,3,4,13.92,5,1,18,199.28
5,11,4,19.79,4,1,16,90.83
2,11,3,13.5,6,0,18,33.18
14,14,1,11.19,5,1,18,171.07
1,7,3,17.34,4,1,15,13.05
20,20,2,20.07,4,0,16,408.41
7,27,1,15.84,1,0,15,125.74
9,17,3,15.06,7,1,11,145.64
4,13,2,23.67,8,0,9,104.95
13,11,5,12.54,0,1,12,149.92
18,22,4,22.71,7,1,13,415.09
17,13,4,23.86,3,0,17,396.92
13,2,3,20.66,6,1,18,272.5
20,5,4,24.4,2,1,9,481.28
14,4,5,23.48,0,0,14,309.39
4,3,4,21.29,4,1,17,79.57
20,3,3,22.49,8,1,13,456.56
15,28,5,8.61,1,0,18,122.0
9,8,1,15.38,1,0,15,136.06
9,29,1,8.78,0,1,13,90.29
4,8,5,15.0,10,0,10,55.77
19,28,4,18.54,3,1,17,351.6
14,21,3,15.81,10,0,15,240.89
17,6,1,15.51,5,1,18,279.28
8,15,3,11.39,6,1,9,95.97
18,12,5,13.03,4,0,18,222.5
0,19,1,23.48,7,1,11,22.57
11,8,2,18.56,10,0,18,214.08
20,21,1,13.25,7,0,17,283.19
4,3,3,13.55,6,0,11,49.04
17,29,3,17.02,4,0,12,301.06
15,26,3,20.69,5,0,15,323.0
4,25,2,22.62,10,1,16,114.65
12,1,3,17.12,7,1,18,210.45
8,19,4,21.98,5,0,18,172.69
0,20,5,13.58,9,0,18,0.0
14,30,3,19.04,1,0,8,272.98
9,16,1,9.65,8,0,14,105.41
17,14,5,20.62,2,1,18,335.51
15,20,4,23.96,4,0,13,354.63
14,8,3,9.69,10,1,16,151.66
20,12,1,14.77,3,0,15,298.28
6,21,5,24.51,0,1,11,140.44
18,7,1,22.11,8,0,17,409.58
7,11,2,21.41,9,0,12,166.93
4,5,5,12.26,2,0,18,34.21
4,1,3,21.43,3,1,8,76.96
1,5,4,16.94,1,1,15,7.22
16,19,1,15.68,3,0,18,261.66
14,21,1,9.03,7,1,14,150.84
15,23,4,9.25,1,1,17,131.72
4,9,5,18.76,8,1,14,78.5
16,10,4,16.59,6,0,9,266.04
20,29,5,20.25,3,1,15,407.47
13,11,4,14.78,1,1,14,180.74
8,12,2,19.68,7,0,9,170.73
2,14,1,20.66,5,0,16,48.92
17,18,3,19.39,6,1,18,343.05
13,28,1,24.46,9,1,13,344.05
16,7,2,19.16,3,0,13,309.59
11,4,3,17.76,6,0,17,198.65
8,1,2,12.65,4,1,13,97.73
4,19,4,9.18,10,0,9,48.69
6,13,4,15.71,2,1,12,89.99
18,20,1,23.02,2,0,17,418.8
2,9,4,19.25,7,1,14,37.74
16,4,3,15.31,4,1,16,244.61
1,8,4,24.74,0,0,11,6.75
6,25,2,20.99,4,1,9,134.52
13,6,2,14.46,3,1,9,189.0
1,14,1,15.82,1,1,17,22.11
12,23,4,12.92,6,0,13,155.28
19,15,3,9.5,1,0,14,175.85
16,3,4,22.8,5,0,13,359.07
2,17,1,17.02,3,1,13,48.81
20,27,2,12.02,2,1,11,247.57
4,25,1,11.01,10,1,15,77.09
18,15,5,18.93,9,1,18,342.42
14,3,4,15.52,4,1,17,205.31
16,3,3,15.85,0,0,13,243.41
2,21,1,18.46,8,1,15,62.21
1,15,5,19.08,5,1,16,11.09
1,15,1,21.79,5,0,16,35.75
1,8,4,24.85,8,0,13,23.58
9,13,4,21.17,10,0,18,198.47
2,11,1,17.49,6,1,12,52.71
19,28,2,13.67,9,0,13,279.78
20,23,4,10.19,1,1,16,199.11
10,27,2,19.39,10,0,18,219.12
16,12,1,14.16,2,0,13,236.1
15,7,2,25.0,2,0,12,375.94
3,17,5,22.2,8,0,18,64.46
19,5,5,14.4,2,0,17,258.27
5,24,4,8.74,5,0,15,46.82
14,8,5,12.07,7,0,13,163.71
18,15,4,21.08,6,1,10,385.12
19,5,3,8.89,7,1,16,177.7
16,28,1,12.85,2,1,15,225.59
4,27,4,9.56,3,1,13,45.04
13,2,4,16.53,3,1,9,203.69
0,11,1,22.27,10,1,10,19.88
9,30,4,19.83,2,1,15,181.65
2,1,3,11.67,2,1,9,18.59
7,10,1,8.81,6,1,9,72.79
15,20,5,8.28,8,0,10,123.1
0,20,3,12.09,6,0,18,8.68
16,12,1,24.21,8,0,14,408.06
1,21,4,24.68,4,0,13,26.06
11,8,1,21.12,5,0,8,239.79
10,27,2,22.12,10,1,15,248.98
4,3,4,8.63,3,0,11,25.87
10,30,3,16.76,8,1,12,181.98
20,7,3,14.07,0,1,12,269.12
11,14,4,20.64,6,1,10,228.96
15,12,5,12.53,1,1,9,173.32
5,18,3,13.46,1,1,18,64.26
14,20,4,10.83,7,1,15,154.09
11,20,4,12.67,0,0,18,130.72
11,17,2,24.2,2,1,8,267.93
7,25,3,14.16,9,0,17,111.13
14,12,3,15.55,1,0,16,209.33
10,21,3,12.24,1,0,10,119.92
12,30,5,10.0,4,1,11,125.99
9,23,4,11.4,2,0,15,94.85
14,3,3,19.35,1,1,12,265.96
20,6,3,16.65,1,0,10,320.34
15,1,3,17.42,5,1,16,256.07
2,3,3,14.77,7,1,14,36.27
2,5,3,18.92,7,1,18,42.51
4,29,5,18.88,2,0,14,69.03
1,27,1,16.81,4,0,10,31.53
7,12,5,23.21,1,1,11,149.85
17,9,2,18.63,9,0,16,330.54
18,19,2,10.91,9,1,17,212.3
0,3,1,24.13,9,1,18,14.61
18,14,5,18.86,7,1,18,343.1
15,8,4,13.06,1,0,10,181.24
15,15,2,13.78,2,1,13,213.59
11,13,2,20.93,8,0,13,240.16
3,9,4,12.21,1,0,12,27.6
19,14,2,24.37,2,1,17,469.16
6,25,2,16.47,8,1,15,124.11
15,1,1,24.07,8,1,11,372.69
11,2,1,12.78,9,1,12,157.98
3,14,2,23.0,5,1,13,74.46
1,19,5,11.31,8,1,9,13.67
14,25,5,12.76,9,0,10,188.82
12,12,3,17.48,5,0,11,211.82
12,17,1,8.77,2,1,15,115.94
4,20,5,10.38,9,1,10,46.43
19,24,3,18.09,8,1,17,357.77
0,12,3,19.45,6,1,18,1.27
15,9,5,17.82,0,1,10,250.04
19,25,4,10.51,10,0,8,212.96
3,7,1,15.5,6,0,14,58.9
13,17,5,23.65,0,0,16,288.01
10,22,4,16.93,5,0,15,174.45
10,18,3,19.49,10,1,17,211.74
7,9,5,13.07,4,1,11,83.92
15,11,4,13.93,4,1,9,206.18
17,13,4,21.91,2,1,8,363.89
2,12,4,19.15,7,0,11,41.58
8,30,5,19.83,2,0,17,155.09
7,8,1,19.39,8,0,18,148.04
3,14,3,20.2,1,0,8,59.23
5,14,4,16.12,3,1,13,74.44
1,30,1,19.09,3,0,10,34.27
5,30,1,24.95,6,1,10,154.13
9,29,1,8.16,9,0,13,98.76
20,18,5,16.4,2,1,12,315.86
3,11,2,20.43,10,1,10,74.93
10,26,3,17.65,3,0,17,184.08
12,27,4,16.76,1,1,18,195.57
4,16,3,23.91,0,1,14,88.99
8,11,3,17.9,9,0,12,153.25
7,2,1,15.91,2,1,18,114.41
9,23,1,18.86,4,1,17,184.43
4,16,2,15.73,9,1,14,83.96
15,25,5,21.63,3,0,18,320.56
2,17,4,16.98,5,0,17,28.58
17,29,5,11.44,8,0,10,198.2
16,15,1,19.57,9,1,9,340.53
14,26,1,15.71,8,1,15,247.56
17,15,3,20.3,6,1,8,354.99
18,3,1,15.2,1,0,9,277.01
15,2,3,14.95,2,1,13,222.19
12,15,4,14.39,10,0,18,183.73
3,6,5,14.68,2,0,8,28.61
9,15,5,15.21,6,0,11,131.0
4,9,2,23.94,1,0,18,91.44
0,8,2,9.14,9,0,15,12.98
1,8,1,14.84,3,0,8,16.24
9,8,5,13.42,9,1,11,118.81
4,22,5,11.76,4,1,8,44.6
18,29,2,18.64,6,1,8,359.78
20,22,4,21.36,5,1,14,427.67
12,6,5,16.05,3,1,10,182.66
1,18,4,24.45,8,0,14,26.88
6,11,1,23.68,5,0,16,154.81
6,2,3,14.41,9,0,9,87.35
18,24,5,11.69,3,1,12,210.98
0,7,2,24.36,1,1,11,0.46
6,13,2,17.39,4,1,15,112.15
11,10,3,14.11,7,1,9,165.28
15,25,3,23.54,5,1,14,359.11
7,24,2,8.28,8,1,12,75.45
10,8,4,17.69,3,1,16,171.41
10,9,4,24.43,10,1,15,248.49
11,6,2,20.25,7,0,16,234.6
1,17,1,22.26,1,0,8,26.89
20,8,1,20.02,0,0,16,399.0
1,20,5,23.52,10,1,8,26.58
17,14,1,8.28,4,1,8,153.86
13,26,2,9.82,1,0,11,129.57
16,9,3,12.54,6,0,13,206.81
14,19,2,24.83,3,1,18,359.46
2,21,1,9.59,6,1,16,39.44
20,1,2,9.41,6,1,17,198.39
3,29,5,23.63,3,0,17,66.13
1,30,1,19.64,4,0,10,41.92
10,1,2,17.98,6,0,12,178.92
7,19,4,19.51,8,1,14,147.62
4,26,1,16.51,5,0,9,83.42
2,11,5,21.07,9,1,13,38.94
8,26,4,16.34,5,1,14,133.58
18,22,4,9.46,9,1,11,184.35
2,9,2,14.46,10,0,14,41.59
3,3,1,24.03,7,1,12,81.61
2,6,4,15.63,8,1,9,28.52
11,18,1,18.15,5,1,8,214.54
12,25,1,20.32,8,0,17,267.58
12,6,2,12.57,4,1,10,150.49
13,9,4,13.1,1,1,12,164.19
20,16,5,18.48,7,0,10,364.71
12,11,5,14.46,5,1,13,166.3
20,20,2,13.11,9,0,15,278.29
12,11,3,20.49,10,1,17,262.23
10,13,3,21.88,6,1,9,229.62
6,19,5,11.06,8,0,15,71.28
6,15,3,22.13,1,1,18,130.28
20,10,2,12.3,2,1,14,243.65
19,16,5,14.81,8,1,16,278.83
11,23,5,18.09,1,0,11,189.12
11,6,5,8.75,10,1,13,101.94
13,4,1,9.68,3,0,15,127.53
14,25,5,19.74,2,1,8,270.65
9,14,1,9.97,2,1,12,97.19
6,17,4,13.92,1,1,15,75.22
9,2,1,8.38,5,0,18,84.46
7,17,2,17.38,5,1,15,130.5
12,21,2,11.17,10,1,14,152.81
19,29,2,15.64,6,1,8,318.76
6,9,1,17.81,8,0,13,120.65
14,4,3,19.4,7,1,17,274.51
12,19,1,13.91,7,0,18,187.54
9,30,5,18.03,10,0,13,168.47
9,4,2,14.35,2,1,14,129.08
18,13,4,11.16,10,0,16,204.01
9,5,2,13.35,7,0,13,131.15
15,5,2,21.86,8,1,14,341.23
13,23,4,16.31,1,0,11,203.42
8,8,5,12.91,7,1,16,99.37
18,4,3,21.18,5,0,15,378.65
13,4,2,13.06,0,1,12,163.28
2,15,1,21.19,3,0,17,52.76
19,21,4,10.82,2,0,11,203.17
18,12,5,12.78,8,0,13,231.8
9,10,5,12.54,8,0,10,113.53
13,30,1,24.87,10,0,10,350.84
10,27,2,20.95,10,1,15,232.37
20,9,4,14.38,1,0,14,274.21
8,23,3,15.73,7,1,17,134.36
2,24,4,18.79,5,0,16,38.56
13,27,2,16.41,5,1,13,230.31
4,19,4,21.4,10,0,8,91.1
14,1,1,23.8,2,1,15,330.71
13,7,2,23.0,4,0,12,296.39
11,9,1,14.32,10,0,8,176.0
9,24,2,15.3,1,0,8,138.81
2,5,5,11.85,10,1,8,19.27
10,27,1,24.8,6,0,15,264.19
12,3,1,9.75,5,1,10,125.38
4,21,2,9.16,9,0,17,56.65
14,12,2,18.68,2,1,17,266.35
6,3,1,10.38,1,1,13,68.41
10,26,2,12.21,10,0,11,145.66
19,24,5,12.84,0,1,11,234.21
16,7,4,13.02,0,0,15,190.75
7,16,5,9.21,0,1,13,46.77
18,14,3,17.29,2,1,9,305.35
2,1,3,11.67,0,1,16,9.7
16,25,4,15.2,6,0,18,248.08
19,5,3,9.42,1,0,10,168.87
12,19,1,13.27,6,0,8,173.22
13,4,4,18.41,0,1,18,226.73
5,4,1,20.03,0,0,15,101.7
16,17,3,10.84,2,1,9,176.63
0,11,4,12.62,1,1,17,0.0
15,15,5,14.12,7,0,13,204.9
3,29,5,19.46,1,0,16,44.91
0,8,1,16.02,6,0,10,15.31
1,18,4,11.82,3,1,13,7.53
2,19,3,10.03,10,0,10,31.79
16,2,4,9.17,7,1,12,143.02
17,15,1,14.27,4,1,17,253.54
11,19,4,24.96,3,0,10,265.15
13,1,2,17.21,10,0,13,229.2
12,28,3,9.77,8,0,14,132.13
1,5,3,9.58,3,1,13,5.67
2,19,1,16.59,10,1,9,61.6
1,14,2,12.03,4,1,14,22.03
10,11,4,12.62,1,0,10,116.53
18,4,2,9.8,7,1,13,184.4
17,12,2,15.68,7,1,9,275.51
9,27,5,8.69,5,0,9,78.78
11,13,5,8.83,4,1,10,84.96
12,28,4,17.45,8,0,9,219.03
4,4,1,9.05,3,0,11,42.43
11,22,1,17.9,4,0,8,215.87
6,29,4,21.76,1,1,9,125.48
14,2,2,23.71,6,1,15,333.24
13,6,3,11.65,2,1,12,145.91
4,2,5,18.53,3,1,15,58.22
17,16,1,9.49,6,0,14,173.35
16,8,5,21.51,6,1,15,338.64
15,12,5,16.54,6,1,10,239.37
19,8,1,23.23,4,0,15,448.63
18,8,2,9.7,10,0,12,188.98
1,25,2,17.79,6,1,10,32.05
18,11,3,23.54,0,1,17,417.81
18,7,4,17.22,2,1,8,296.29
7,20,2,8.34,7,0,13,76.55
6,26,2,13.79,2,1,8,87.98
18,23,2,21.16,8,1,9,400.19
12,19,1,13.72,5,0,10,181.48
13,26,4,19.04,2,1,11,249.12
5,13,3,20.48,4,0,10,104.18
18,13,5,8.55,9,1,17,153.62
18,4,4,10.39,1,0,13,175.86
5,21,1,21.97,10,1,15,133.46
6,8,1,13.96,1,0,8,83.61
13,6,4,16.38,6,1,16,209.72
15,26,5,19.07,10,0,10,293.51
1,10,1,13.42,1,0,13,12.12
12,6,1,17.3,1,1,17,215.45
15,23,1,15.33,10,0,17,260.38
5,2,1,13.63,3,1,16,75.36
17,9,3,13.06,1,0,14,214.17
15,5,1,14.13,6,0,12,224.75
20,20,4,11.39,0,0,10,219.27
2,16,1,13.24,6,1,15,48.43
8,3,5,14.59,5,1,13,103.07
1,9,4,15.91,3,1,17,5.02
3,3,3,21.74,6,0,16,59.33
12,27,5,15.12,8,1,17,192.72
15,10,1,14.71,0,0,9,225.17
14,6,2,24.53,3,0,8,341.61
13,7,2,22.18,4,1,9,288.71
17,13,5,13.54,4,1,8,225.62
19,19,5,21.29,1,1,10,390.47
18,19,1,23.72,9,0,12,453.2
11,29,4,12.49,10,1,17,155.98
1,6,3,14.85,9,1,8,22.81
10,23,2,8.84,7,1,13,102.08
9,10,3,22.33,10,0,11,207.3
14,25,3,12.58,6,0,11,185.04
13,24,4,20.91,5,0,16,276.76
2,10,5,14.86,8,0,10,22.64
6,27,1,12.24,7,0,13,97.99
8,12,4,16.59,10,0,18,134.0
11,16,5,15.58,7,1,13,168.06
8,24,1,12.85,6,0,10,125.31
6,28,2,19.01,10,0,12,139.55
16,1,1,16.06,2,0,17,259.46
7,9,5,21.69,4,1,14,146.26
11,15,3,11.71,4,1,17,128.33
16,22,3,17.54,9,1,12,299.56
15,3,3,24.8,10,1,12,379.14
20,10,2,10.55,3,0,17,211.02
10,22,2,20.26,10,1,12,224.21
13,13,4,20.52,9,0,13,273.58
7,22,5,18.85,7,1,16,132.96
5,27,5,11.08,1,1,10,51.31
17,25,2,24.1,5,0,11,420.71
9,14,3,14.32,9,1,15,145.38
15,2,5,17.87,9,0,15,265.87
16,4,4,17.01,6,0,10,262.49
6,11,4,24.78,7,0,13,151.82
5,25,1,16.29,10,0,13,110.29
0,15,3,11.56,2,0,15,0.0
2,5,5,15.37,6,1,14,27.9
12,1,1,17.07,5,0,13,212.96
16,7,1,19.5,10,0,11,332.51
11,10,2,9.75,8,1,10,116.86
1,10,3,15.75,8,1,14,28.63
4,11,4,14.11,3,0,14,43.12
7,24,2,11.59,0,0,9,81.8
20,26,1,14.38,10,1,16,319.8
19,2,1,19.11,0,0,9,358.27
12,4,5,12.3,2,0,18,129.86
9,14,1,19.26,4,0,14,186.67
3,17,5,10.0,1,0,15,12.49
6,25,3,22.14,3,1,14,137.27
1,18,4,23.48,7,1,11,24.5
2,30,1,22.2,10,1,10,81.89
16,3,1,23.38,10,0,15,395.49
9,9,4,8.85,2,0,12,66.76
10,14,1,9.61,0,0,10,99.78
5,11,3,23.21,9,1,9,126.26
10,6,1,14.81,7,1,14,165.03
15,26,4,19.03,2,0,10,284.42
1,28,2,9.76,9,1,17,36.55
5,20,4,21.25,9,0,18,118.03
4,16,4,9.92,6,1,8,38.31
20,11,1,19.98,10,0,18,423.78
16,17,5,9.62,10,0,15,155.86
20,13,2,22.26,8,0,8,459.21
5,17,4,22.48,2,0,15,103.12
10,9,1,16.62,8,1,14,187.85
2,15,4,21.62,7,0,15,44.21
3,16,1,9.74,6,0,16,44.73
2,26,5,24.37,10,1,16,60.37
20,22,4,24.16,5,0,11,487.56
10,18,5,18.2,10,1,15,185.13
7,1,3,14.04,10,1,16,106.98
3,2,2,16.37,6,0,12,53.22
6,4,4,11.67,3,1,9,63.56
1,30,5,10.09,7,1,18,17.99
16,5,4,8.07,0,1,17,114.51
16,25,2,19.76,2,0,9,321.55
19,20,3,16.57,6,1,17,328.99
7,9,4,24.38,4,1,10,162.55
19,23,5,13.08,8,1,16,255.37
6,7,5,20.14,10,1,18,118.69
20,6,5,17.22,10,1,9,348.05
17,16,5,17.7,10,1,18,309.39
17,10,4,21.74,8,0,8,369.41
1,22,1,11.4,2,1,18,21.9
1,23,3,11.47,8,0,13,27.11
3,20,5,22.7,10,1,11,76.22
9,23,1,23.75,6,1,18,233.38
17,2,1,20.64,3,1,11,360.04
20,12,5,17.29,9,0,11,342.79
5,22,1,11.18,2,0,14,61.3
8,18,3,10.21,9,1,8,94.99
4,2,2,23.79,9,0,18,105.3
9,16,5,17.35,1,1,16,141.37
5,17,1,21.37,2,1,16,117.7
2,12,2,23.02,10,1,13,63.64
6,25,5,17.02,8,0,9,107.3
14,8,5,23.62,3,0,18,319.49
12,30,1,14.56,8,1,8,207.83
11,17,5,15.57,0,1,18,154.74
16,3,1,10.85,8,0,18,181.69
20,25,2,22.7,6,0,11,468.96
13,21,1,20.7,2,0,15,280.73
1,3,1,8.92,4,0,17,16.64
8,14,4,15.67,6,1,13,122.52
3,18,1,18.9,9,0,17,74.17
2,12,5,9.8,10,1,17,19.47
14,13,4,21.98,0,1,10,297.5
4,24,4,21.55,8,1,18,93.62
20,12,1,17.41,8,0,9,360.62
18,20,4,17.13,1,1,11,305.85
11,7,4,23.4,8,0,10,253.69
19,27,3,11.3,2,0,16,216.88
17,3,3,19.42,4,0,11,326.87
15,11,3,10.18,10,0,9,161.05
2,29,2,13.4,7,1,17,49.9
18,5,5,17.64,5,1,10,303.01
7,26,2,20.11,10,1,12,170.15
4,22,3,22.92,7,1,13,107.44
15,18,1,10.99,9,0,12,190.41
4,29,5,11.34,10,0,9,58.78
16,21,1,21.81,9,1,17,372.67
1,18,3,17.24,8,1,18,32.99
11,13,2,23.15,9,1,10,271.85
16,3,4,14.19,0,0,17,210.31
16,5,4,10.71,9,0,15,176.2
1,8,4,11.94,4,1,11,2.37
6,17,3,14.6,7,0,8,99.89
10,4,5,18.77,4,1,17,176.15
5,13,4,14.21,10,0,16,75.07
7,17,4,14.0,5,1,15,103.37
0,17,2,15.48,3,0,16,5.93
6,5,2,10.68,9,0,18,71.85
10,24,1,16.19,7,1,11,186.77
20,27,4,8.38,0,0,17,162.06
4,21,5,8.67,9,0,8,34.83
5,17,4,18.19,9,0,18,100.66
2,7,4,18.31,7,1,10,34.32
13,20,2,21.51,2,1,10,288.85
10,30,4,18.14,1,0,14,177.27
3,1,2,16.89,8,1,10,61.21
5,16,5,18.2,8,0,9,89.81
4,29,5,17.17,0,1,16,60.38
1,23,5,15.29,7,1,13,19.68
18,4,4,10.28,7,0,9,178.8
17,14,3,11.21,0,0,16,177.7
20,7,3,14.95,1,0,14,291.02
8,9,5,15.2,5,1,18,113.08
6,14,5,21.32,7,0,13,124.54
15,9,3,17.82,6,0,18,264.99
7,15,2,9.7,8,1,13,87.44
19,23,1,10.73,10,0,9,233.65
15,30,5,15.4,1,1,11,224.73
19,2,4,23.82,6,1,17,444.19
5,21,4,15.46,3,1,11,72.15
19,17,5,19.87,9,0,18,374.46
7,21,1,24.59,1,1,14,181.13
12,13,5,11.41,0,0,9,118.86
17,30,5,13.92,4,0,17,239.23
14,30,4,17.77,4,0,14,251.89
17,3,5,13.0,1,1,16,205.67
18,9,4,24.42,9,1,11,447.69
14,22,4,23.24,0,1,9,316.95
12,21,2,19.51,3,1,14,248.14
16,18,1,19.91,4,0,12,326.55
10,3,5,23.83,7,1,13,229.02
18,9,2,24.1,10,0,15,450.69
7,24,2,22.84,3,0,11,171.21
19,12,2,21.24,1,0,18,406.15
15,20,1,20.99,8,0,15,334.59
10,16,5,22.77,7,0,16,222.49
7,25,5,10.18,8,1,15,82.16
1,17,3,14.69,10,0,15,32.96
16,15,3,19.72,0,0,14,308.78
10,12,5,22.65,2,1,11,212.21
19,11,3,11.13,6,0,14,215.91
11,12,4,12.75,2,0,17,132.15
3,24,3,21.67,8,1,14,77.97
4,16,1,11.0,7,0,18,61.18
10,26,4,13.1,8,0,14,136.0
5,2,2,21.83,7,0,15,116.62
8,12,3,17.53,4,1,8,141.33
11,28,5,11.38,9,0,12,130.76
16,16,4,23.12,6,1,15,374.3
4,28,2,18.89,5,1,18,93.68
12,28,1,9.34,5,0,13,129.31
9,23,3,18.29,6,1,15,178.93
11,24,5,16.86,7,1,10,186.25
0,5,2,19.25,1,0,10,0.0
3,3,4,17.32,0,1,16,39.12
2,4,3,18.51,1,1,12,26.31
9,15,2,10.23,2,0,8,95.22
10,28,4,15.94,8,1,16,171.87
17,6,5,18.16,10,1,16,311.1
17,10,3,16.19,3,0,15,269.28
13,9,2,13.16,0,0,13,163.46
17,1,4,24.1,7,1,8,409.83
9,20,2,21.55,8,1,11,212.02
17,14,4,12.25,10,1,14,215.43
2,14,2,16.78,9,1,12,53.05
17,26,3,15.02,1,0,10,253.23
20,15,5,15.7,9,1,11,315.65
4,2,5,8.38,1,1,12,10.76
14,24,1,11.96,2,0,15,175.58
13,10,4,24.97,7,0,13,319.35
4,2,3,21.19,1,1,10,72.67
8,27,4,22.08,1,0,14,174.85
14,8,1,11.39,1,0,15,159.3
9,30,3,10.7,0,0,12,96.08
9,7,3,23.09,10,0,9,213.65
13,11,1,10.85,4,0,14,152.38
0,2,5,21.32,7,0,13,0.0
7,6,4,9.55,9,1,18,66.48
11,21,2,19.92,1,0,15,218.98
17,26,3,21.69,7,0,8,382.69
11,24,2,12.26,0,1,15,140.47
17,23,4,11.23,2,1,13,191.67
8,28,5,23.55,8,0,9,193.68
14,10,3,17.21,7,0,18,244.96
5,29,1,18.54,5,0,13,114.39
17,27,4,11.23,10,1,16,203.91
9,11,4,18.9,1,0,16,159.15
1,27,2,11.04,0,0,9,14.39
3,2,5,18.91,6,1,16,48.97
18,9,1,14.23,9,0,8,277.91
6,21,4,23.78,1,1,18,133.8
17,24,4,21.97,0,1,16,363.97
2,27,3,9.32,3,0,9,25.4
17,13,2,11.28,10,0,17,209.56
5,18,5,15.06,1,1,18,63.88
13,29,1,10.84,2,1,16,155.74
5,18,5,15.53,5,1,16,79.57
10,28,3,15.01,10,1,13,173.18
18,18,2,14.38,8,1,13,281.39
14,13,1,20.35,4,0,16,290.71
9,1,3,24.73,3,1,8,219.83
8,30,5,16.69,9,0,9,136.91
11,5,2,12.5,9,0,11,145.62
9,3,5,14.8,3,0,13,118.6
5,16,5,21.93,1,1,8,99.97
18,13,1,21.26,5,1,14,396.38
3,28,2,20.71,9,0,18,86.91
12,2,3,16.91,5,0,13,199.0
7,5,1,19.45,6,1,17,149.42
2,8,4,12.93,6,0,10,20.21
15,19,1,17.32,4,0,14,272.3
4,25,2,16.18,3,1,14,77.73
6,18,5,24.95,8,0,11,145.42
13,11,5,9.52,10,1,14,125.95
6,11,3,18.1,0,1,10,106.95
19,27,4,18.59,7,0,11,357.78
11,5,1,9.91,0,0,17,110.78
9,1,3,19.79,1,1,15,168.36
10,7,5,11.6,8,1,16,113.35
4,23,1,14.4,10,0,12,80.81
9,7,5,12.61,7,0,9,104.89
8,22,3,22.69,0,1,18,179.41
12,17,1,23.37,7,0,10,294.88
14,18,1,8.68,8,1,13,144.36
5,1,3,19.63,5,1,11,101.63
16,9,1,18.64,6,0,16,314.21
7,5,3,23.25,10,0,9,172.56
16,22,5,22.84,10,0,14,368.78
4,14,3,23.47,5,1,16,95.18
20,5,5,17.2,3,0,12,329.45
16,30,2,15.31,2,0,13,249.66
17,24,1,11.13,2,0,13,204.02
13,14,3,15.53,10,1,10,219.7
3,5,2,8.45,9,1,17,39.51
7,20,2,11.93,0,1,9,88.36
15,5,5,22.38,7,1,10,333.79
15,16,2,10.78,3,0,14,168.41
0,30,3,24.15,3,0,11,1.66
14,28,5,16.33,5,1,11,229.88
1,20,4,20.24,6,0,16,18.34
14,27,1,22.92,3,1,8,338.99
16,25,1,11.23,7,1,12,206.88
9,15,2,15.18,9,0,16,156.17
14,27,4,9.54,8,0,10,145.81
17,5,4,15.03,7,0,10,251.56
6,29,4,9.53,5,0,9,57.61
14,21,3,9.45,6,0,14,140.31
1,25,2,23.51,9,0,10,47.7
5,25,1,15.13,4,1,12,95.43
3,29,2,24.33,0,1,8,80.07
15,18,1,18.34,7,0,11,293.92
15,15,4,15.51,9,0,11,242.0
8,20,5,21.94,3,0,10,163.02
20,12,1,10.47,0,1,13,217.63
1,4,4,24.89,2,1,17,15.5
19,19,5,11.02,7,1,8,206.74
9,11,3,23.26,1,1,16,200.47
15,5,1,19.81,4,1,16,304.77
6,23,2,18.4,1,0,15,116.17
19,30,3,15.26,5,1,16,303.69
19,12,2,18.44,7,1,15,366.5
19,8,3,24.65,0,0,8,456.95
3,24,2,21.59,6,1,8,80.12
17,26,2,8.19,3,1,12,154.17
9,10,5,17.35,0,0,18,134.48
12,24,5,18.47,0,0,11,206.97
10,30,4,23.57,0,0,15,227.3
14,29,5,23.23,7,1,8,335.08
9,19,3,17.44,0,0,17,153.3
11,3,2,12.77,0,1,14,136.21
5,19,5,14.62,9,0,12,77.67
10,23,1,12.62,1,1,11,136.37
9,7,5,13.14,1,1,8,104.53
2,15,5,8.42,7,0,11,11.75
15,24,5,13.28,5,0,9,199.36
16,22,2,11.49,0,1,14,189.95
16,4,1,13.29,0,0,13,209.26
1,4,5,21.03,4,0,17,8.61
20,29,2,13.45,3,1,12,282.92
14,22,1,12.64,2,1,9,185.04
19,18,5,9.74,8,1,16,186.25
4,23,3,17.76,2,0,12,72.67
10,18,4,8.86,0,1,18,76.13
12,2,1,15.25,2,1,17,184.56
10,27,2,20.12,10,0,15,225.37
2,27,4,9.65,4,1,15,21.12
7,5,5,12.39,5,1,10,79.2
10,26,3,15.71,0,0,15,151.19
15,15,2,12.8,5,0,16,195.5
3,11,5,19.04,4,1,14,49.53
7,20,2,17.32,7,1,9,136.61
18,14,4,17.64,5,0,10,316.19
2,24,5,22.22,1,1,13,37.0
14,6,3,24.25,1,0,18,332.64
12,11,4,18.96,0,0,11,216.25
18,29,1,20.87,10,0,15,405.48
12,20,5,15.6,3,1,12,181.92
9,30,4,20.2,5,0,17,181.9
16,13,2,22.49,0,1,16,364.06
0,23,5,21.95,5,0,12,0.16
7,14,5,14.7,5,1,14,96.73
17,7,2,16.07,3,1,13,279.14
4,10,2,10.28,1,0,10,40.34
15,22,4,24.57,2,0,10,365.04
13,28,4,23.19,9,1,17,313.28
16,14,5,21.94,6,1,11,344.92
19,1,5,16.47,3,1,14,301.67
18,12,1,24.63,9,1,13,461.47
15,23,1,10.42,8,1,15,181.9
16,29,5,9.5,7,0,18,156.89
18,10,5,8.9,5,0,15,149.69
15,19,3,15.16,4,1,10,228.21
19,24,3,20.36,9,1,8,406.1
18,6,5,8.88,4,0,12,145.64
4,17,1,22.47,4,1,10,105.56
8,28,3,8.24,1,0,17,69.32
14,12,2,12.44,3,1,10,182.17
1,11,1,24.44,9,0,15,45.47
13,25,4,12.05,7,0,11,163.86
11,2,3,20.84,1,0,10,216.92
15,10,4,20.68,8,0,14,313.1
12,16,3,10.47,6,0,12,134.88
14,13,3,24.35,10,0,9,356.58
20,12,4,18.38,10,1,13,374.27
3,9,5,14.65,10,0,18,44.34
6,17,3,19.52,2,1,16,112.73
0,27,1,8.2,1,0,18,9.96
7,24,3,12.28,0,0,17,78.9
19,22,2,24.16,10,0,9,475.87
19,5,4,19.16,10,0,9,368.47
8,10,4,19.23,1,1,12,146.52
10,9,2,21.27,4,0,14,214.11
1,9,3,11.02,1,1,11,6.63
5,21,4,9.84,8,1,11,59.86
3,30,4,20.16,1,0,9,53.19
8,25,4,8.32,7,0,18,74.46
1,22,4,12.53,5,1,17,11.57
15,16,4,14.87,1,0,8,211.84
15,4,5,17.1,5,1,18,244.53
1,21,1,14.21,5,0,15,32.32
9,21,2,11.0,0,1,18,99.43
12,29,1,18.72,5,1,9,251.0
14,24,2,10.38,3,0,17,150.69
12,3,5,18.94,7,1,8,216.13
1,11,1,14.89,3,1,18,28.1
17,5,5,11.96,1,0,10,182.72
0,16,5,8.78,10,0,8,0.0
1,29,3,21.95,1,1,17,23.16
18,3,1,9.94,9,0,9,196.48
13,11,4,13.51,10,0,13,184.52
6,25,1,18.08,5,0,9,123.73
13,6,3,17.41,7,0,17,223.71
3,26,5,14.39,2,0,15,30.99
0,6,1,20.01,9,1,14,20.94
15,23,2,11.5,10,1,16,196.58
7,6,5,19.76,9,0,15,135.43
2,21,3,13.91,0,0,11,19.5
16,4,5,14.15,8,0,15,222.14
6,9,1,11.29,2,1,15,71.02
1,2,3,12.85,6,1,13,15.01
14,2,1,20.59,8,0,10,303.07
15,17,1,9.2,3,1,17,151.37
13,7,3,11.91,1,1,11,144.32
13,28,2,14.38,3,0,15,197.84
1,29,4,10.46,9,1,10,24.84
4,15,2,18.74,4,0,13,76.75
18,2,3,10.32,7,1,14,185.48
10,8,3,18.26,10,0,17,196.32
7,3,4,22.57,7,0,17,153.21
14,9,1,20.41,3,0,13,290.59
7,29,5,24.09,9,0,14,180.91
1,16,5,8.57,8,1,15,13.67
3,15,4,12.09,8,0,14,44.27
4,12,3,12.06,1,0,15,42.95
5,23,4,22.58,9,0,15,122.06
4,28,4,11.14,5,1,18,46.59
20,3,4,23.19,5,0,12,454.53
8,23,5,17.22,3,0,17,134.08
1,17,3,23.1,1,1,13,21.25
1,12,3,10.98,8,0,16,20.07
6,5,3,12.06,1,1,17,68.55
6,25,2,13.45,4,1,12,89.73
11,12,4,16.27,8,0,15,183.02
17,29,3,15.68,5,0,11,280.04
14,3,1,14.64,2,1,9,204.58
8,4,2,16.44,3,0,12,128.67
17,30,2,16.06,6,1,18,288.17
6,3,1,22.82,3,1,14,143.21
20,21,3,16.26,10,1,15,341.83
4,29,3,10.92,4,0,15,49.9
9,25,1,10.52,4,1,10,114.38
5,23,5,12.85,2,0,10,52.13
1,11,5,10.15,4,1,10,0.0
1,22,3,24.63,2,1,15,28.03
5,18,3,10.07,0,1,15,50.01
14,30,3,10.65,8,1,18,170.2
15,29,3,24.48,9,0,17,387.03
14,11,1,20.44,0,0,18,287.14
9,1,4,18.5,3,1,13,151.91
1,20,2,17.92,3,1,11,22.14
17,28,4,19.51,1,1,11,330.58
19,20,5,24.04,10,1,14,461.2
13,12,4,14.34,4,1,13,181.48
14,28,5,9.49,7,1,15,136.73
13,24,4,10.37,9,0,10,141.92
15,28,5,24.77,1,1,9,360.66
20,30,3,15.05,8,1,17,322.49
4,7,2,22.15,4,1,8,96.32
9,27,5,13.17,8,1,11,121.27
0,5,3,13.1,10,1,9,12.04
9,14,2,16.36,10,0,8,160.45
8,16,1,18.18,5,1,17,160.81
8,21,4,24.56,1,1,16,194.33
0,28,3,10.77,0,0,13,0.0
4,12,2,8.9,5,1,18,48.72
11,2,3,12.96,10,0,16,145.48
20,6,1,18.18,2,1,13,371.85
9,9,3,9.63,9,1,10,92.29
16,10,3,21.24,6,1,10,340.86
4,17,2,22.14,8,0,14,102.65
2,4,2,23.7,7,1,12,58.31
4,27,4,23.13,9,1,10,109.1
0,24,1,11.78,2,0,12,7.25
4,3,4,19.74,1,0,8,65.22
13,2,2,9.83,10,0,15,135.02
8,2,1,13.13,0,0,9,105.22
6,19,2,11.14,5,0,9,72.8
8,19,3,13.99,8,0,16,123.1
3,27,5,20.98,8,0,11,72.07
5,29,5,8.07,1,0,16,35.38
15,12,5,11.15,10,0,10,171.55
12,14,2,16.74,6,0,13,206.14
3,17,2,16.43,5,1,16,63.01
2,11,4,9.97,4,1,17,18.8
14,8,5,14.92,6,0,9,203.88
15,22,3,11.05,10,1,18,180.77
14,17,1,10.03,6,1,17,163.65
5,3,3,24.58,5,0,17,122.83
12,4,2,22.25,7,1,17,276.91
20,13,3,16.09,9,1,15,334.4
4,25,4,9.84,4,1,15,40.15
4,1,1,20.54,1,1,18,77.94
5,13,5,19.55,2,1,17,87.46
2,22,5,21.05,7,0,12,43.72
15,17,3,17.22,8,0,8,272.73
3,13,4,13.35,6,1,15,36.9
5,18,3,23.04,2,1,14,112.54
12,16,1,17.67,7,1,15,232.67
5,17,1,14.65,7,1,17,95.53
9,11,1,8.48,0,0,13,75.3
18,1,3,14.47,6,1,13,260.07
1,22,2,12.21,10,1,17,32.06
2,28,3,9.95,2,0,16,21.15
14,22,4,17.66,6,1,8,255.16
18,1,3,14.42,6,1,17,256.06
15,4,2,13.71,8,1,10,217.82
11,14,2,16.45,1,0,12,177.58
9,19,4,21.68,9,0,17,198.55
10,9,1,17.63,8,1,14,191.89
2,21,3,16.58,4,1,18,40.06
6,14,4,12.27,8,1,18,82.26
5,29,1,18.67,8,0,17,118.86
14,9,5,21.75,6,0,16,293.03
14,5,2,10.56,10,1,14,162.42
2,21,2,22.38,4,1,18,52.87
19,8,4,12.05,2,0,8,214.49
9,15,4,17.52,6,1,18,164.21
6,6,3,10.32,4,1,18,61.42
20,28,1,24.38,7,0,8,514.28
2,11,5,13.07,1,1,13,13.35
2,13,2,12.01,9,0,16,40.17
18,25,5,12.28,1,0,17,206.78
10,11,5,20.53,3,1,11,191.27
5,7,3,15.47,4,0,15,74.19
3,11,5,15.2,10,0,12,49.91
4,12,4,20.17,4,0,18,79.33
19,2,1,19.74,10,0,12,391.62
9,21,3,23.35,10,0,16,229.35
14,13,1,23.47,6,1,12,340.93
7,10,2,22.61,2,1,18,158.44
20,14,1,12.66,1,1,15,262.54
10,23,4,22.9,1,0,12,222.61
11,14,5,20.4,8,1,15,227.32
1,21,2,18.71,10,0,8,38.22
20,10,3,17.79,1,0,11,347.94
20,25,2,22.4,10,1,13,472.98
4,9,2,19.69,5,1,11,82.09
11,6,4,22.9,9,0,8,257.37
17,21,5,18.65,1,1,11,305.21
5,2,4,18.51,9,1,10,90.42
11,6,5,9.99,8,1,15,110.22
15,4,2,20.13,3,1,12,305.42
12,5,4,22.56,9,0,12,273.46
6,14,2,14.94,2,0,12,95.43
7,20,4,23.42,5,1,9,162.08
4,28,3,24.56,6,0,14,111.34
19,9,1,9.62,0,0,13,186.59
15,30,3,24.94,10,0,8,391.71
19,13,3,24.62,10,1,10,486.92
17,2,5,11.05,2,1,13,174.62
